partner_id,external_id,customer_ref,amount,currency,status,placed_at
acme-south,ORD-20260902-0000,,128.26,GBP,delivered,2026-09-02T16:09:00Z
acme-north,ORD-20260902-0001,CUST-1001,380.56,USD,cancelled,2026-09-02T14:38:00Z
acme-south,ORD-20260902-0002,CUST-1002,662.74,SGD,delivered,2026-09-02T23:33:00Z
acme-north,ORD-20260902-0003,CUST-1003,305.93,USD,shipped,2026-09-02T15:07:00Z
harbor-supply,ORD-20260902-0004,CUST-1004,324.64,EUR,delivered,2026-09-02T08:39:00Z
harbor-supply,ORD-20260902-0005,CUST-1005,750.72,USD,delivered,2026-09-02T07:12:00Z
acme-north,ORD-20260902-0006,CUST-1006,522.83,USD,placed,2026-09-02T20:03:00Z
acme-north,ORD-20260902-0007,CUST-1007,285.33,SGD,placed,2026-09-02T19:02:00Z
acme-north,ORD-20260902-0008,CUST-1008,235.69,EUR,placed,2026-09-02T02:58:00Z
harbor-supply,ORD-20260902-0009,CUST-1009,172.70,USD,delivered,2026-09-02T15:30:00Z
acme-south,ORD-20260902-0010,CUST-1010,223.43,EUR,cancelled,2026-09-02T23:08:00Z
acme-north,ORD-20260902-0011,CUST-1011,829.15,SGD,refunded,2026-09-02T06:28:00Z
acme-south,ORD-20260902-0012,CUST-1012,773.33,SGD,shipped,2026-09-02T11:09:00Z
harbor-supply,ORD-20260902-0013,CUST-1013,864.76,EUR,delivered,2026-09-02T17:48:00Z
harbor-supply,ORD-20260902-0014,CUST-1014,853.23,SGD,delivered,2026-09-02T18:06:00Z
acme-south,ORD-20260902-0015,CUST-1015,339.10,GBP,cancelled,2026-09-02T18:36:00Z
acme-south,ORD-20260902-0016,CUST-1016,842.87,SGD,delivered,2026-09-02T00:04:00Z
acme-south,ORD-20260902-0017,CUST-1017,226.84,GBP,delivered,2026-09-02T15:46:00Z
harbor-supply,ORD-20260902-0018,CUST-1018,343.36,USD,shipped,2026-09-02T11:42:00Z
harbor-supply,ORD-20260902-0019,CUST-1019,342.46,GBP,delivered,2026-09-02T22:28:00Z
harbor-supply,ORD-20260902-0020,CUST-1020,617.87,EUR,cancelled,2026-09-02T16:51:00Z
acme-south,ORD-20260902-0021,CUST-1021,477.40,USD,cancelled,2026-09-02T23:57:00Z
harbor-supply,ORD-20260902-0022,CUST-1022,262.10,EUR,delivered,2026-09-02T00:23:00Z
harbor-supply,ORD-20260902-0023,CUST-1023,413.74,SGD,shipped,2026-09-02T23:36:00Z
acme-south,ORD-20260902-0024,CUST-1024,824.49,USD,refunded,2026-09-02T18:11:00Z
acme-north,ORD-20260902-0025,CUST-1025,99.97,SGD,delivered,2026-09-02T00:14:00Z
harbor-supply,ORD-20260902-0026,CUST-1026,67.69,USD,refunded,2026-09-02T09:01:00Z
harbor-supply,ORD-20260902-0027,CUST-1027,869.54,GBP,refunded,2026-09-02T17:19:00Z
harbor-supply,ORD-20260902-0028,CUST-1028,94.42,GBP,delivered,2026-09-02T23:06:00Z
acme-south,ORD-20260902-0029,CUST-1029,94.03,USD,placed,2026-09-02T23:52:00Z
harbor-supply,ORD-20260902-0030,,440.31,USD,cancelled,2026-09-02T16:21:00Z
acme-south,ORD-20260902-0031,CUST-1031,411.44,EUR,delivered,2026-09-02T21:08:00Z
acme-south,ORD-20260902-0032,CUST-1032,507.68,GBP,refunded,2026-09-02T01:26:00Z
harbor-supply,ORD-20260902-0033,CUST-1033,365.00,SGD,placed,2026-09-02T14:34:00Z
harbor-supply,ORD-20260902-0034,CUST-1034,32.67,EUR,placed,2026-09-02T03:26:00Z
acme-south,ORD-20260902-0035,CUST-1035,157.31,USD,cancelled,2026-09-02T21:10:00Z
acme-south,ORD-20260902-0036,CUST-1036,217.49,SGD,refunded,2026-09-02T09:17:00Z
acme-north,ORD-20260902-0037,CUST-1037,490.39,GBP,delivered,2026-09-02T20:09:00Z
acme-north,ORD-20260902-0038,CUST-1038,71.96,SGD,placed,2026-09-02T18:30:00Z
acme-north,ORD-20260902-0039,CUST-1039,328.13,USD,shipped,2026-09-02T11:13:00Z
harbor-supply,ORD-20260902-0040,CUST-1040,249.76,SGD,refunded,2026-09-02T16:14:00Z
acme-south,ORD-20260902-0041,CUST-1041,197.35,SGD,shipped,2026-09-02T09:40:00Z
harbor-supply,ORD-20260902-0042,CUST-1042,844.70,SGD,delivered,2026-09-02T15:56:00Z
acme-south,ORD-20260902-0043,CUST-1043,358.84,GBP,cancelled,2026-09-02T07:25:00Z
acme-north,ORD-20260902-0044,CUST-1044,230.17,SGD,refunded,2026-09-02T16:49:00Z
acme-south,ORD-20260902-0045,CUST-1045,814.07,USD,placed,2026-09-02T15:57:00Z
acme-south,ORD-20260902-0046,CUST-1046,468.31,SGD,refunded,2026-09-02T05:26:00Z
acme-north,ORD-20260902-0047,CUST-1047,798.41,USD,delivered,2026-09-02T16:08:00Z
harbor-supply,ORD-20260902-0048,CUST-1048,767.79,EUR,refunded,2026-09-02T17:03:00Z
acme-north,ORD-20260902-0049,CUST-1049,593.98,USD,placed,2026-09-02T06:52:00Z
acme-north,ORD-20260902-0050,CUST-1050,849.16,GBP,delivered,2026-09-02T08:39:00Z
harbor-supply,ORD-20260902-0051,CUST-1051,548.12,SGD,cancelled,2026-09-02T02:47:00Z
harbor-supply,ORD-20260902-0052,CUST-1052,564.64,EUR,placed,2026-09-02T06:26:00Z
acme-north,ORD-20260902-0053,CUST-1053,706.11,SGD,shipped,2026-09-02T01:34:00Z
acme-south,ORD-20260902-0054,CUST-1054,546.63,USD,delivered,2026-09-02T10:19:00Z
acme-south,ORD-20260902-0055,CUST-1055,85.71,EUR,cancelled,2026-09-02T21:45:00Z
acme-north,ORD-20260902-0056,CUST-1056,376.09,USD,placed,2026-09-02T21:25:00Z
harbor-supply,ORD-20260902-0057,CUST-1057,480.95,GBP,cancelled,2026-09-02T00:55:00Z
acme-south,ORD-20260902-0058,CUST-1058,736.90,SGD,shipped,2026-09-02T09:36:00Z
acme-north,ORD-20260902-0059,CUST-1059,477.98,GBP,shipped,2026-09-02T19:09:00Z
acme-south,ORD-20260902-0060,,650.48,EUR,delivered,2026-09-02T12:35:00Z
harbor-supply,ORD-20260902-0061,CUST-1061,97.32,USD,shipped,2026-09-02T12:46:00Z
acme-north,ORD-20260902-0062,CUST-1062,345.39,EUR,refunded,2026-09-02T15:46:00Z
harbor-supply,ORD-20260902-0063,CUST-1063,347.57,SGD,placed,2026-09-02T03:09:00Z
harbor-supply,ORD-20260902-0064,CUST-1064,104.16,USD,shipped,2026-09-02T06:25:00Z
acme-north,ORD-20260902-0065,CUST-1065,865.59,GBP,placed,2026-09-02T07:02:00Z
acme-north,ORD-20260902-0066,CUST-1066,135.55,SGD,placed,2026-09-02T10:58:00Z
acme-south,ORD-20260902-0067,CUST-1067,531.17,USD,shipped,2026-09-02T22:24:00Z
acme-south,ORD-20260902-0068,CUST-1068,347.52,GBP,cancelled,2026-09-02T19:44:00Z
acme-south,ORD-20260902-0069,CUST-1069,815.31,GBP,delivered,2026-09-02T10:12:00Z
acme-south,ORD-20260902-0070,CUST-1070,322.83,SGD,placed,2026-09-02T17:24:00Z
acme-north,ORD-20260902-0071,CUST-1071,529.42,EUR,placed,2026-09-02T19:45:00Z
acme-north,ORD-20260902-0072,CUST-1072,267.98,EUR,refunded,2026-09-02T07:22:00Z
harbor-supply,ORD-20260902-0073,CUST-1073,520.65,USD,refunded,2026-09-02T22:12:00Z
harbor-supply,ORD-20260902-0074,CUST-1074,740.90,USD,refunded,2026-09-02T00:40:00Z
harbor-supply,ORD-20260902-0075,CUST-1075,210.99,GBP,shipped,2026-09-02T07:30:00Z
harbor-supply,ORD-20260902-0076,CUST-1076,435.89,EUR,delivered,2026-09-02T02:59:00Z
acme-south,ORD-20260902-0077,CUST-1077,280.59,GBP,cancelled,2026-09-02T23:08:00Z
acme-north,ORD-20260902-0078,CUST-1078,590.69,GBP,refunded,2026-09-02T08:10:00Z
harbor-supply,ORD-20260902-0079,CUST-1079,845.42,USD,placed,2026-09-02T00:18:00Z
harbor-supply,ORD-20260902-0080,CUST-1080,380.30,EUR,shipped,2026-09-02T05:38:00Z
harbor-supply,ORD-20260902-0081,CUST-1081,838.09,SGD,placed,2026-09-02T12:11:00Z
harbor-supply,ORD-20260902-0082,CUST-1082,149.39,SGD,refunded,2026-09-02T18:40:00Z
acme-north,ORD-20260902-0083,CUST-1083,170.25,SGD,cancelled,2026-09-02T01:09:00Z
harbor-supply,ORD-20260902-0084,CUST-1084,403.15,SGD,shipped,2026-09-02T10:33:00Z
acme-north,ORD-20260902-0085,CUST-1085,277.31,EUR,placed,2026-09-02T20:50:00Z
acme-north,ORD-20260902-0086,CUST-1086,746.85,USD,cancelled,2026-09-02T15:38:00Z
acme-north,ORD-20260902-0087,CUST-1087,489.44,SGD,refunded,2026-09-02T22:36:00Z
acme-south,ORD-20260902-0088,CUST-1088,777.36,SGD,cancelled,2026-09-02T22:26:00Z
acme-south,ORD-20260902-0089,CUST-1089,128.72,GBP,refunded,2026-09-02T10:33:00Z
harbor-supply,ORD-20260902-0090,,450.53,GBP,delivered,2026-09-02T01:18:00Z
harbor-supply,ORD-20260902-0091,CUST-1091,638.55,SGD,refunded,2026-09-02T10:48:00Z
acme-south,ORD-20260902-0092,CUST-1092,615.08,USD,placed,2026-09-02T14:15:00Z
harbor-supply,ORD-20260902-0093,CUST-1093,414.06,SGD,placed,2026-09-02T16:58:00Z
acme-north,ORD-20260902-0094,CUST-1094,566.39,SGD,shipped,2026-09-02T02:58:00Z
harbor-supply,ORD-20260902-0095,CUST-1095,900.85,EUR,refunded,2026-09-02T13:36:00Z
