lead_id,first_name,last_name,company,domain,email,phone,property_county,acreage,source_batch,email_status,email_source,confidence,fit_score,stage,ghl_contact_id,crm_owner,enriched_at,updated_at,reverified_at,needs_reresearch,suppression_reason
webb-hill,Marcus,Webb,Marcus Webb Land,marcuswebb.example,marcus.webb@marcuswebb.example,12545550100,Hill,12.5,BATCHLEADS_HILLCO_5-20AC_202608,valid,apollo,92,80,enriched,,,2026-08-08T09:00:00.000Z,2026-08-08T09:00:00.000Z,,,
fowler-navarro,Denise,Fowler,Denise Fowler Land,denisefowler.example,denise.fowler@denisefowler.example,12545550101,Navarro,35.0,BATCHLEADS_HILLCO_5-20AC_202608,valid,apollo,92,80,enriched,,,2026-08-08T09:00:00.000Z,2026-08-08T09:00:00.000Z,,,
alvarado-bosque,Ray,Alvarado,Ray Alvarado Land,rayalvarado.example,ray.alvarado@rayalvarado.example,12545550102,Bosque,8.2,PROPSTREAM_EASTTX_RURAL_202608,valid,apollo,92,80,enriched,,,2026-08-08T09:00:00.000Z,2026-08-08T09:00:00.000Z,,,
pruitt-limestone,Colleen,Pruitt,Colleen Pruitt Land,colleenpruitt.example,colleen.pruitt@colleenpruitt.example,12545550103,Limestone,54.0,PROPSTREAM_EASTTX_RURAL_202608,valid,apollo,92,80,enriched,,,2026-08-08T09:00:00.000Z,2026-08-08T09:00:00.000Z,,,
nguyen-freestone,Travis,Nguyen,Travis Nguyen Land,travisnguyen.example,travis.nguyen@travisnguyen.example,12545550104,Freestone,21.7,LISTSOURCE_CENTRALTX_202607,valid,apollo,92,80,enriched,,,2026-08-08T09:00:00.000Z,2026-08-08T09:00:00.000Z,,,
beaudry-falls,Sharon,Beaudry,Sharon Beaudry Land,sharonbeaudry.example,sharon.beaudry@sharonbeaudry.example,12545550105,Falls,16.4,LISTSOURCE_CENTRALTX_202607,valid,apollo,92,80,enriched,,,2026-08-08T09:00:00.000Z,2026-08-08T09:00:00.000Z,,,
marsh-mclennan,Elton,Marsh,Elton Marsh Land,eltonmarsh.example,elton.marsh@eltonmarsh.example,12545550106,McLennan,9.9,BATCHLEADS_HILLCO_5-20AC_202608,valid,apollo,92,80,enriched,,,2026-08-08T09:00:00.000Z,2026-08-08T09:00:00.000Z,,,
raman-coryell,Priya,Raman,Priya Raman Land,priyaraman.example,priya.raman@priyaraman.example,12545550107,Coryell,44.1,PROPSTREAM_EASTTX_RURAL_202608,valid,apollo,92,80,enriched,,,2026-08-08T09:00:00.000Z,2026-08-08T09:00:00.000Z,,,
hollis-erath,  Dale ,Hollis  , Hollis Ranch Holdings ,hollisranch.example  ,dale@hollisranch.example,12545550108,Erath,27.3,BATCHLEADS_HILLCO_5-20AC_202608,valid,apollo,88,74,enriched,,,2026-07-31T09:00:00.000Z,2026-07-31T09:00:00.000Z,,,
okafor-somervell,Ada,Okafor,Okafor Land Co,okaforland.example,ADA.OKAFOR@okaforland.example,12545550109,Somervell,13.8,LISTSOURCE_CENTRALTX_202607,valid,apollo,90,78,enriched,,,2026-08-02T09:00:00.000Z,2026-08-02T09:00:00.000Z,,,
barrett-johnson,Wade,Barrett,Barrett Acreage,https://www.BarrettAcreage.example/,wade@barrettacreage.example,12545550110,Johnson,31.0,PROPSTREAM_EASTTX_RURAL_202608,valid,apollo,86,71,enriched,,,2026-07-26T09:00:00.000Z,2026-07-26T09:00:00.000Z,,,
,Sofia,Delgado,Delgado Property Group,delgadoproperty.example,sofia@delgadoproperty.example,12545550111,Ellis,19.6,BATCHLEADS_HILLCO_5-20AC_202608,valid,apollo,91,79,enriched,,,2026-08-05T09:00:00.000Z,2026-08-05T09:00:00.000Z,,,
keene-bell-1,Ronald,Keene,Keene Land Partners,keenelandtracts.example,ron@keenelandtracts.example,12545550112,Bell,22.0,BATCHLEADS_HILLCO_5-20AC_202608,valid,apollo,89,76,enriched,,,2026-07-21T09:00:00.000Z,2026-07-21T09:00:00.000Z,,,
keene-bell-2,Ron,Keene,Keene Land Ptnrs,keenelandtracts.example,ron@keenelandtracts.example,12545550112,Bell,22.0,PROPSTREAM_EASTTX_RURAL_202608,valid,apollo,84,70,enriched,,,2026-08-11T09:00:00.000Z,2026-08-11T09:00:00.000Z,,,
shared-id-hood,Cheryl,Mott,Mott Rural Holdings,mottrural.example,cheryl@mottrural.example,12545550113,Hood,40.2,LISTSOURCE_CENTRALTX_202607,valid,apollo,87,73,enriched,,,2026-07-29T09:00:00.000Z,2026-07-29T09:00:00.000Z,,,
shared-id-hood,Glen,Ashby,Ashby Tracts,ashbytracts.example,glen@ashbytracts.example,12545550114,Hood,11.5,LISTSOURCE_CENTRALTX_202607,valid,apollo,85,72,enriched,,,2026-07-30T09:00:00.000Z,2026-07-30T09:00:00.000Z,,,
pike-comanche,Herman,Pike,Pike Land,pikeland.example,herman.pikeland.example,12545550115,Comanche,6.4,BATCHLEADS_HILLCO_5-20AC_202608,unknown,pattern,45,60,enriched,,,2026-08-09T09:00:00.000Z,2026-08-09T09:00:00.000Z,,,
vasquez-milam,Irene,Vasquez,Vasquez Family Trust,,irene.vasquez@freemail.example,12545550116,Milam,73.0,LISTSOURCE_CENTRALTX_202607,valid,client,80,68,enriched,,,2026-08-06T09:00:00.000Z,2026-08-06T09:00:00.000Z,,,
truitt-lampasas,Gordon,Truitt,Truitt Acres,truittacres.example,gordon@truittacres.example,12545550117,Lampasas,28.8,PROPSTREAM_EASTTX_RURAL_202608,invalid,apollo,30,69,enriched,,,2026-07-11T09:00:00.000Z,2026-07-11T09:00:00.000Z,,,
santos-burnet,Miguel,Santos,Santos Land Group,santoslandgroup.example,miguel@santoslandgroup.example,12545550118,Burnet,17.2,BATCHLEADS_HILLCO_5-20AC_202608,valid,apollo,93,82,sent,,,2026-08-12T09:00:00.000Z,2026-08-14T09:00:00.000Z,,,
whitfield-llano,Bea,Wexford,Wexford Ranchland,whitfieldranch.example,bea@whitfieldranch.example,12545550119,Llano,62.5,PROPSTREAM_EASTTX_RURAL_202608,valid,apollo,94,85,replied,ghl_88213,,2026-08-10T09:00:00.000Z,2026-08-18T09:00:00.000Z,,,
boyle-mills,Arthur,Boyle,Arthur Boyle Land,arthurboyle.example,arthur@arthurboyle.example,12545550120,Mills,10.0,LISTSOURCE_CENTRALTX_202601,valid,apollo,83,70,enriched,,,2026-04-02T09:00:00.000Z,2026-04-02T09:00:00.000Z,,,
kerr-sansaba,Nadia,Kerr,Nadia Kerr Land,nadiakerr.example,nadia@nadiakerr.example,12545550121,San Saba,19.0,LISTSOURCE_CENTRALTX_202601,valid,apollo,83,70,enriched,,,2026-02-26T09:00:00.000Z,2026-02-26T09:00:00.000Z,,,
ingram-brown,Curtis,Ingram,Curtis Ingram Land,curtisingram.example,curtis@curtisingram.example,12545550122,Brown,28.0,LISTSOURCE_CENTRALTX_202601,valid,apollo,83,70,enriched,,,2026-01-22T09:00:00.000Z,2026-01-22T09:00:00.000Z,,,
reese-coleman,Yolanda,Reese,Yolanda Reese Land,yolandareese.example,yolanda@yolandareese.example,12545550123,Coleman,37.0,LISTSOURCE_CENTRALTX_202601,valid,apollo,83,70,enriched,,,2025-12-03T09:00:00.000Z,2025-12-03T09:00:00.000Z,,,
dunn-hamilton,Peggy,Dunn,Dunn Holdings,dunnholdings.example,peggy@dunnholdings.example,12545550124,Hamilton,5.1,BATCHLEADS_HILLCO_5-20AC_202608,invalid,apollo,0,55,suppressed,,,2025-10-24T09:00:00.000Z,2026-04-22T09:00:00.000Z,,,sms-stop
